{"acc": 0.5123781381594896, "loss": 43.72467494620168, "_timestamp": 1705029377.4943497, "_runtime": 5.132941722869873, "_step": 0, "_wandb": {"runtime": 5}}