{"acc": 0.6264438523570368, "loss": 43.74567563526428, "_timestamp": 1705029511.589663, "_runtime": 69.06938314437866, "_step": 63}