{"acc": 0.6735147122578362, "loss": 14.088787429433847, "_timestamp": 1705029416.4527836, "_runtime": 25.072702646255493, "_step": 19, "_wandb": {"runtime": 47}}